{
    "accuracy": 0.08935036510229111,
    "validation_accuracy": 0.05872888118028641,
    "loss": 7.303513050079346,
    "perplexity": 1485.5094406449616,
    "training_time_seconds": 309.82620072364807
}